department_id,marks
DEP001,84.06666666666666
DEP002,79.2
DEP003,77.46666666666667
DEP004,78.86666666666666
DEP005,73.93333333333334
DEP006,73.4
DEP007,75.53333333333333
DEP008,77.53333333333333
DEP009,74.46666666666667
DEP010,77.33333333333333
