student_id,student_name,department_id,average_marks
STU036,Harsh Jain,DEP008,96.66666666666667
STU011,Charvi Kapoor,DEP003,96.0
STU026,Farhan Khan,DEP006,95.33333333333333
STU048,Juhi Kapoor,DEP010,95.33333333333333
STU041,Ishaan Rao,DEP009,94.33333333333333
STU008,Brijesh Kumar,DEP002,94.0
STU003,Abhinav Singh,DEP001,92.66666666666667
STU020,Darsh Patel,DEP004,92.33333333333333
STU013,Chirag Malhotra,DEP003,91.66666666666667
STU031,Gauri Joshi,DEP007,91.33333333333333
